구,제목,언론사,날짜,링크
강남구,압구정2구역 시공사에 '개별홍보 과열' 경고한 서울시,아시아경제,2025.05.16,https://n.news.naver.com/article/277/0005593389
강남구,강남구·서초구 자연녹지지역 일대 ‘토지거래허가구역’ 재지정,조선비즈,2025.05.08,https://n.news.naver.com/article/366/0001075272
강남구,"개포우성4차, 최고 49층·1080가구 공동주택 단지로 ‘재탄생’",디지털타임스,2025.04.29,https://n.news.naver.com/article/029/0002951349
강남구,서울 강남구 땅값 가장 많이 올랐다,국민일보,2025.04.25,https://n.news.naver.com/article/005/0001772286
강남구,"구룡마을 입주권·분양권 불법거래 포착…""거래 불가능""",한국경제TV,2025.04.16,https://n.news.naver.com/article/215/0001206060
강남구,"강남 재건축 상징 '은마' 49층, 5962가구 추진",서울경제,2025.04.16,https://n.news.naver.com/article/011/0004474826
강남구,"삼성동 70-1 대로변 신축건물, 공정률 80% 상태 매각가 조정·완공 시 상향",한국경제TV,2025.04.10,https://n.news.naver.com/article/215/0001205327
강남구,"구룡마을 3명 중 1명 ""이사 안 갈래""…'보상안 수용' 과제",뉴스1,2025.04.09,https://n.news.naver.com/article/421/0008181678
강남구,압구정·여의도·목동·성수 재건축 토지거래허가구역 1년 연장[집슐랭],서울경제,2025.04.03,https://n.news.naver.com/article/011/0004469475
강남구,강남의 ‘마지막 판자촌’…3800가구 아파트 단지로 바뀌는 구룡마을,매일경제,2025.04.01,https://n.news.naver.com/article/009/0005468534
강남구,강남구 원룸 월세 97만원으로 1위…전세보증금은 2억 4000만원[집슐랭],서울경제,2025.03.25,https://n.news.naver.com/article/011/0004465407
강남구,"강남구 ""수서택지개발지구 저층단지 재건축 속도""",SBS Biz,2025.03.19,https://n.news.naver.com/article/374/0000430373
강남구,"강남3구+용산, 6개월간 토지거래허가구역 지정",비즈워치,2025.03.19,https://n.news.naver.com/article/648/0000034492
강남구,"서울 강남 대치미도 아파트, 최고 50층 3천914세대 단지로 '탈바꿈'",SBS Biz,2025.03.16,https://n.news.naver.com/article/374/0000429877
강남구,"서울시, 강남 테헤란로 높이규제 푼다",헤럴드경제,2025.03.13,https://n.news.naver.com/article/016/0002441360
강남구,개포 마지막 '노른자위'… 현대2차 재건축 꿈틀,매일경제,2025.03.11,https://n.news.naver.com/article/009/0005457007
강남구,"청담동 프리마호텔, 49층 호텔·문화시설로 탈바꿈",매일경제,2025.02.27,https://n.news.naver.com/article/009/0005451177
강남구,토지거래허가 풀린 강남 3구 일대 아파트값 ‘꿈틀’,한겨레,2025.02.20,https://n.news.naver.com/article/028/0002732114
강남구,개포 경우현 통합 재건축 닻 올렸다…2320가구 대단지로,매일경제,2025.02.18,https://n.news.naver.com/article/009/0005445485
강남구,압구정5구역 최고높이 낮춰 속도전,헤럴드경제,2025.02.14,https://n.news.naver.com/article/016/0002428985
강동구,"강동구 천호동 노후주택, 643가구 주거단지로 변신",아시아경제,2025.04.29,https://n.news.naver.com/article/277/0005585192
강동구,"국토부, 서울 명일동 지반침하 '사고조사위원회' 구성·조사 착수",파이낸셜뉴스,2025.03.28,https://n.news.naver.com/article/014/0005327972
강동구,서울 암사역 인근 현대백화점 인재개발원 업무시설 확장,아시아경제,2025.03.21,https://n.news.naver.com/article/277/0005564672
강동구,암사역사공원·광운대역 도로개설 등 '기부채납'으로 확충,이데일리,2025.03.18,https://n.news.naver.com/article/018/0005964487
강동구,서울 오피스 임대료 부담에… 강동·강서구로 '엑소더스',서울경제,2025.03.08,https://n.news.naver.com/article/011/0004458802
강동구,"""강남3구 집값만 오르는 게 아냐""…신축 대단지 몰린 강동 '들썩'",머니투데이,2025.03.05,https://n.news.naver.com/article/008/0005161111
강동구,"강동구 아파트, 외지인 매입 최고",연합뉴스,2025.02.23,https://n.news.naver.com/article/001/0015228537
강동구,“우리도 둔촌주공처럼 천지개벽 해보자”…재개발 봄바람 부는 강동구,매일경제,2025.02.21,https://n.news.naver.com/article/009/0005447426
강동구,중랑구 면목본·강동구 성내·성북구 정릉·광진구 화양동 모아타운 통과…1919가구 공급,매일경제,2025.01.24,https://n.news.naver.com/article/009/0005434497
강동구,“올파포 구경하는 집 갔다가 깜짝” 불법 개조 기승에 ‘경고장’ 날린 강동구청[부동산360],헤럴드경제,2025.01.23,https://n.news.naver.com/article/016/0002419948
강동구,'강남 4구'라더니 17억 아파트 가격 '뚝뚝'…강동구에 무슨 일?,서울경제,2025.01.21,https://n.news.naver.com/article/011/0004442406
강동구,"SH공사, 고덕강일지구·내곡도시형생활주택 상가 총 26호 분양",한국경제,2024.12.23,https://n.news.naver.com/article/015/0005073546
강동구,서울 강동구 먼저 꺾였다 … 집값 8개월만에 하락,매일경제,2024.12.05,https://n.news.naver.com/article/009/0005408660
강동구,천호동·성내동 연결하는 지하공공보도시설 마련된다,이데일리,2024.11.28,https://n.news.naver.com/article/018/0005894660
강동구,"""둔촌 모아타운 3구역 조합설립 동의율 80% 돌파""",파이낸셜뉴스,2024.11.27,https://n.news.naver.com/article/014/0005273532
강동구,길동 대단지도 재건축 급물살,헤럴드경제,2024.11.13,https://n.news.naver.com/article/016/0002387811
강동구,“한강변 단지도 안 팔려”… 고분양가에 미분양 쌓이는 강동구,조선비즈,2024.11.06,https://n.news.naver.com/article/366/0001029790
강동구,"강동구 “그린벨트 해제, 기획부동산에 속지 마세요”",헤럴드경제,2024.11.04,https://n.news.naver.com/article/016/0002383104
강동구,입주 한 달 전인데…둔촌주공 공사 '또' 중단,한국경제TV,2024.10.21,https://n.news.naver.com/article/215/0001184438
강동구,"SH공사, 고덕강일지구 등 국민임대주택 1320세대 모집",디지털타임스,2024.09.26,https://n.news.naver.com/article/029/0002905033
강북구,"51년 된 강북구청사, 17층 규모 복합청사로 탈바꿈",이데일리,2025.05.15,https://n.news.naver.com/article/018/0006014303
강북구,서울 미아동 일대 신통기획 확정⋯1200가구 주거단지 탈바꿈,아이뉴스24,2025.04.23,https://n.news.naver.com/article/031/0000926734
강북구,"서울 미아역 일대, ‘숲세권’ 7500가구 주거단지 ‘탈바꿈’…신통기획 확정",디지털타임스,2025.02.11,https://n.news.naver.com/article/029/0002934698
강북구,"강북구, 전기차량 화재진압장비 소방서 지원",서울경제,2025.02.07,https://n.news.naver.com/article/011/0004447967
강북구,"'골목길 지분 쪼개기 차단'… 서울시 모아타운 12곳, 토허구역 추가",이데일리,2025.02.06,https://n.news.naver.com/article/018/0005937424
강북구,서울 미아동에 '입체공원' 들어선다,아이뉴스24,2025.01.20,https://n.news.naver.com/article/031/0000902728
강북구,북한산 인근 인수봉숲길마을 '뉴빌리지'로 재개발 한다,머니투데이,2024.12.27,https://n.news.naver.com/article/008/0005133777
강북구,서울시 '번동 모아타운' 착공…2028년 1242가구 공급,아시아경제,2024.12.16,https://n.news.naver.com/article/277/0005518229
강북구,"강북구, 임신 사전 건강관리 지원사업 실시",서울경제,2024.12.05,https://n.news.naver.com/article/011/0004423626
강북구,"강남보다 원룸 월세 비싼 00구...""평균 102만원""",세계일보,2024.11.27,https://n.news.naver.com/article/022/0003989301
강북구,"미아 11구역, 632가구 아파트로 재탄생",헤럴드경제,2024.11.13,https://n.news.naver.com/article/016/0002387809
강북구,서울 미아동에 661가구 역세권주택…정비구역 지정,아시아경제,2024.11.07,https://n.news.naver.com/article/277/0005496408
강북구,"강북구, 세계양금축제 개최",서울경제,2024.11.01,https://n.news.naver.com/article/011/0004409850
강북구,[단독]'강북 숙원' 우이방학선마저…공공경전철 좌초,서울경제,2024.10.25,https://n.news.naver.com/article/011/0004407185
강북구,"강북구, 새 슬로건 선포식",서울경제,2024.10.11,https://n.news.naver.com/article/011/0004401549
강북구,주민갈등 큰 수유동·남가좌동 재개발 없던일로,매일경제,2024.10.01,https://n.news.naver.com/article/009/0005372756
강북구,"강북구, 제1회 청년축제 개최",서울경제,2024.09.12,https://n.news.naver.com/article/011/0004391863
강북구,노원 영끌족들 환호성…번동주공4단지 정밀안전진단 통과 [부동산360],헤럴드경제,2024.09.04,https://n.news.naver.com/article/016/0002358603
강북구,"강북구, 고립‧은둔 예방 교육 실시",서울경제,2024.09.03,https://n.news.naver.com/article/011/0004387704
강북구,"강북구, 제7회 전국 어린이 동요대회 참가자 모집",서울경제,2024.08.29,https://n.news.naver.com/article/011/0004386006
강서구,마곡 대규모 공급에 1분기 서울 기타권역 오피스 16%대 공실률,연합뉴스,2025.05.12,https://n.news.naver.com/article/001/0015381858
강서구,"서울시, 강서구 화곡2동 노후주택지에 집수리 비용 지원한다",헤럴드경제,2025.04.25,https://n.news.naver.com/article/016/0002462548
강서구,서울 강서구청 있던 자리 ‘특별계획구역’ 지정…복합문화시설 들어선다,디지털타임스,2025.04.24,https://n.news.naver.com/article/029/0002950326
강서구,"방배동·공항동·상도동에 모아주택 3,446가구 공급",한국경제TV,2025.04.11,https://n.news.naver.com/article/215/0001205475
강서구,서남권 부동산 지도 바뀐다...'가양 CJ부지 업무복합시설' 착공,파이낸셜뉴스,2025.04.04,https://n.news.naver.com/article/014/0005331300
강서구,"강서 화곡동·마포 중동, 2167가구 '모아타운' 재탄생",이데일리,2025.03.25,https://n.news.naver.com/article/018/0005970040
강서구,서울 오피스 임대료 부담에… 강동·강서구로 '엑소더스',서울경제,2025.03.08,https://n.news.naver.com/article/011/0004458802
강서구,가양·등촌·신내 '재건축 밑그림' 그린다,매일경제,2025.02.23,https://n.news.naver.com/article/009/0005448310
강서구,주인 못 찾는 마곡 지원시설용지,아시아경제,2025.02.12,https://n.news.naver.com/article/277/0005545105
강서구,"강서구, 한글배움교실 수강생 모집",서울경제,2025.02.07,https://n.news.naver.com/article/011/0004447958
강서구,"""마곡업무지구 '반값 임대료'…대기업 이전 수요 노린다""",한국경제,2025.01.09,https://n.news.naver.com/article/015/0005080018
강서구,"진교훈 강서구청장 ""김포공항 고도제한 완화 가시화""",한국경제TV,2025.01.08,https://n.news.naver.com/article/215/0001194517
강서구,"김포공항 일대, 미래교통허브로 재탄생한다",머니투데이,2024.12.27,https://n.news.naver.com/article/008/0005133780
강서구,CJ 가양동 부지 개발 본PF 연내 조달 '순항',파이낸셜뉴스,2024.12.01,https://n.news.naver.com/article/014/0005275327
강서구,구로·강서·강북구 등 총 5곳 모아타운 대상지 선정,매일경제,2024.11.15,https://n.news.naver.com/article/009/0005397315
강서구,"방화6구역, 공사비 갈등 HDC와 결별수순",헤럴드경제,2024.10.04,https://n.news.naver.com/article/016/0002369999
강서구,“이쯤되면 여의도 안 부럽네”…마곡지구에 ‘월드컵경기장 3배’ 초대형 랜드마크 떴다,매일경제,2024.09.26,https://n.news.naver.com/article/009/0005370639
강서구,방화5구역 9부능선 넘었다,헤럴드경제,2024.09.23,https://n.news.naver.com/article/016/0002365412
강서구,"[단독]'방화5구역' 관리처분계획 인가…방화뉴타운 잰걸음, 마곡지구 '시너지'",머니투데이,2024.09.13,https://n.news.naver.com/article/008/0005089783
강서구,"화곡역 일대, 의료용 건물 높게 지을 수 있다",매일경제,2024.09.12,https://n.news.naver.com/article/009/0005364876
관악구,"'관악구 유일 단독주택 재건축'…봉천1-1구역, 807가구 단지로 재탄생",이데일리,2025.05.20,https://n.news.naver.com/article/018/0006018793
관악구,관악구 노후 주거지 '새단장'…모아주택 2592가구 공급한다,한국경제,2025.05.09,https://n.news.naver.com/article/015/0005129798
관악구,"신림6구역, 삼성산 숲세권·초품아 990가구 단지로 재개발[집슐랭]",서울경제,2025.03.23,https://n.news.naver.com/article/011/0004464629
관악구,"관악구, 5월 본격 입주 앞두고 신림3구역 재개발 현장 점검",이데일리,2025.03.20,https://n.news.naver.com/article/018/0005966520
관악구,"고시촌 즐비 신림동, ‘천지개벽’하나…신림1재정비촉진구역에 4185가구 대단지",디지털타임스,2025.03.16,https://n.news.naver.com/article/029/0002941389
관악구,"관악구, 설맞이 전통시장 행사",서울경제,2025.01.16,https://n.news.naver.com/article/011/0004440635
관악구,"관악구, 신림5구역 재개발 주민공람…25개동 3947가구 대단지 탈바꿈",매일경제,2025.01.09,https://n.news.naver.com/article/009/0005426197
관악구,관악구 봉천13구역 정비계획 변경 정비사업 재시동,머니투데이,2025.01.07,https://n.news.naver.com/article/008/0005137732
관악구,"내년 초 입주인데…봉천 4-1-2조합 ""3290만원 더 내라""",아시아경제,2024.11.12,https://n.news.naver.com/article/277/0005498922
관악구,"돈암동·신림동·입정동 재개발 사업지, 서울시 통합심의 통과",이데일리,2024.11.01,https://n.news.naver.com/article/018/0005874629
관악구,"“강서구 아니었어?”…서울 전세사기 최다지역 된 이 동네, 어쩌다가",매일경제,2024.10.23,https://n.news.naver.com/article/009/0005383859
관악구,"신림선 서원역 일대, 3900가구 아파트 들어선다",한국경제,2024.10.16,https://n.news.naver.com/article/015/0005044808
관악구,관악구·구로구 모아타운 통합심의 통과…총 3138세대 공급,이데일리,2024.09.27,https://n.news.naver.com/article/018/0005844949
관악구,서울 아파트값 또 올랐다... 금관구도 '껑충',파이낸셜뉴스,2024.08.15,https://n.news.naver.com/article/014/0005228256
관악구,"관악구, '주민제안 방식' 모아타운 관리계획안 첫 공람",연합뉴스,2024.08.09,https://n.news.naver.com/article/001/0014865415
관악구,"관악구 목골산 일대, 최고 25층 1400여세대로 재개발",이데일리,2024.05.30,https://n.news.naver.com/article/018/0005751661
관악구,관악구 옛 금천경찰서 터에 '주택+도서관' 건립,아이뉴스24,2024.05.29,https://n.news.naver.com/article/031/0000840257
관악구,"이한준 LH 사장, 관악구서 반지하 가구 특별 안전점검",매일경제,2024.05.15,https://n.news.naver.com/article/009/0005303706
관악구,신림·난곡선 타고 관악구 정비사업 탄력,헤럴드경제,2024.05.03,https://n.news.naver.com/article/016/0002304168
관악구,[단독] 신림동 이어 봉천동서 또 중국인 전세 사기,아이뉴스24,2024.04.24,https://n.news.naver.com/article/031/0000831073
광진구,‘성수5지구’ 자양4동 A구역 2993가구 아파트 새단장,헤럴드경제,2025.05.12,https://n.news.naver.com/article/016/0002469781
광진구,광진구 자양동에 초등학교 대신 주차장 조성…주차난 해소,이데일리,2025.05.08,https://n.news.naver.com/article/018/0006007508
광진구,"자양7구역, 최고 49층 1202가구로",한국경제,2025.05.04,https://n.news.naver.com/article/015/0005127459
광진구,광진구 '건대입구역 지구' 지구단위계획 변경 추진,연합뉴스,2025.04.07,https://n.news.naver.com/article/001/0015315831
광진구,"나랑 딱 맞는 공인중개사는?.. 광진구, MBTI 기반 부동산 중개 서비스",머니투데이,2025.03.18,https://n.news.naver.com/article/008/0005167048
광진구,자양4동 A구역 재개발 계획 결정…한강변 2999가구,머니투데이,2025.03.16,https://n.news.naver.com/article/008/0005166272
광진구,"어린이대공원 인근 노후주거지, 20층·674가구로 탈바꿈",한국경제,2025.02.27,https://n.news.naver.com/article/015/0005099972
광진구,"""강남 3구 제쳤다""…지난해 가장 분양가 높았던 동네는?",한국경제,2025.01.08,https://n.news.naver.com/article/015/0005079661
광진구,"그린리모델링 '광진구'에 다 있다…국토부, 20일 홍보관 개관",머니투데이,2024.12.18,https://n.news.naver.com/article/008/0005130168
광진구,광진구 '재창조 플랜' 선포…4대 권역별 균형발전 모색,연합뉴스,2024.11.14,https://n.news.naver.com/article/001/0015046614
광진구,"""사업성 좋아져"" 재건축으로 방향 튼 광장동",서울경제,2024.11.08,https://n.news.naver.com/article/011/0004412977
광진구,"""구의공원에 임시정류소? 반대""…37살 동서울터미널 환골탈태 제동",머니투데이,2024.10.22,https://n.news.naver.com/article/008/0005103532
광진구,"DL이앤씨, 뚝섬 랜드마크 세운다… '3600억' 자양7구역 수주",머니S,2024.10.14,https://n.news.naver.com/article/417/0001032295
광진구,"서울시 ""강북권 재개발·재건축 신속 추진"" 약속",아시아경제,2024.10.02,https://n.news.naver.com/article/277/0005478796
광진구,'광진·성북·구로' 장기전세 1만6천명 몰려…최고 216대 1,한국경제TV,2024.09.13,https://n.news.naver.com/article/215/0001179610
광진구,동서울터미널 현대화...임시터미널 위치 두고 ‘갈등’,파이낸셜뉴스,2024.07.26,https://n.news.naver.com/article/014/0005219154
광진구,"광진구, 알기 쉬운 공동주택 관리점검 지침서 첫 발간",파이낸셜뉴스,2024.06.25,https://n.news.naver.com/article/014/0005204147
광진구,구의동도 천지개벽?…'동서울터미널' 어떻게 바뀌나,비즈워치,2024.06.25,https://n.news.naver.com/article/648/0000026726
광진구,"광진구, 30년차 아파트 늘어…한강변 재건축 ‘들썩’",매일경제,2024.06.02,https://n.news.naver.com/article/009/0005312695
광진구,"광진구, 전세보증금 보증료 지원 전 연령 확대",머니투데이,2024.03.05,https://n.news.naver.com/article/008/0005007310
구로구,구로구 개봉동 49번지 재개발…35층 1360가구 아파트로 탈바꿈,조선비즈,2025.03.11,https://n.news.naver.com/article/366/0001059950
구로구,구로 '지밸리 비즈 플라자' 4160억원에 매각 완료,뉴스1,2025.03.11,https://n.news.naver.com/article/421/0008121974
구로구,"오류동 산자락 노후 주거지, 아파트 1250가구 들어선다",한국경제,2025.03.04,https://n.news.naver.com/article/015/0005101522
구로구,"서울 구로 남부교도소, ‘이곳’으로 변신",매일경제,2025.02.24,https://n.news.naver.com/article/009/0005448551
구로구,"구로구 ""'최대 480만원' 청년 월세 지원금 받아가세요""…신청 자격은?",머니투데이,2025.01.10,https://n.news.naver.com/article/008/0005139371
구로구,"구로구, '가리봉 주거재생혁신지구' 주민설명회 이달 15일 개최",이데일리,2025.01.10,https://n.news.naver.com/article/018/0005922378
구로구,"구로 가리봉동 일대, 2259가구 복합주거단지로 재탄생",이데일리,2024.12.25,https://n.news.naver.com/article/018/0005912793
구로구,신도림역 역세권 ‘구로우성아파트’ 552가구로 재건축,디지털타임스,2024.11.27,https://n.news.naver.com/article/029/0002918443
구로구,구로·강서·강북구 등 총 5곳 모아타운 대상지 선정,매일경제,2024.11.15,https://n.news.naver.com/article/009/0005397315
구로구,영등포 구로에 백화점·대기업 본사 이전시 용적률 최대 800%,서울경제,2024.11.08,https://n.news.naver.com/article/011/0004412673
구로구,관악구·구로구 모아타운 통합심의 통과…총 3138세대 공급,이데일리,2024.09.27,https://n.news.naver.com/article/018/0005844949
구로구,20년 만에 드디어…서울 가리봉동 일대 ‘1214가구’ 복합주거단지 재개발,디지털타임스,2024.09.12,https://n.news.naver.com/article/029/0002902127
구로구,구로·중화·강북 모아타운 4건 심의 통과…총 8607세대 공급,이데일리,2024.09.06,https://n.news.naver.com/article/018/0005829936
구로구,구로 살구·너른뜰마을에 휴먼타운2.0 첫 적용,한국경제,2024.09.05,https://n.news.naver.com/article/015/0005030283
구로구,"인천 화수부두·서울 가리봉동, 도시재생 혁신지구 선정",서울경제,2024.08.29,https://n.news.naver.com/article/011/0004385866
구로구,"구로역 작업자 2명 사망·…국토부 ""안전수칙 준수여부 철저조사""",서울경제,2024.08.09,https://n.news.naver.com/article/011/0004378068
구로구,온수역 옛 럭비구장 부지에 1821가구 아파트 짓는다,머니S,2024.07.31,https://n.news.naver.com/article/417/0001017873
구로구,구로 오류동 ‘천왕3역세권’ 재개발…최고 26층 아파트로,디지털타임스,2024.07.15,https://n.news.naver.com/article/029/0002887533
구로구,"구로구, 개별주택 공시가격 결정·공시 및 이의신청",파이낸셜뉴스,2024.04.25,https://n.news.naver.com/article/014/0005176339
구로구,구로구 고척동·궁동 재개발·재건축사업 속도,머니S,2024.04.23,https://n.news.naver.com/article/417/0000998421
금천구,"""스마트허브 도약"" 석수역세권…금천구, 마스터플랜 수립 착수",이데일리,2025.05.07,https://n.news.naver.com/article/018/0006006639
금천구,금천구 시흥동 역세권에 29층 주상복합 짓는다,이데일리,2025.02.27,https://n.news.naver.com/article/018/0005952276
금천구,금천구 독산동 ‘어울림센터’ 이달 착공…시니어클럽·키즈카페,매일경제,2025.02.26,https://n.news.naver.com/article/009/0005450302
금천구,가산 랜드마크였는데...거듭된 유찰에 3분의 1토막 난 W몰,파이낸셜뉴스,2024.12.31,https://n.news.naver.com/article/014/0005289381
금천구,"80년된 금천 공군기지, 주거·상업시설로 개발",서울경제,2024.11.27,https://n.news.naver.com/article/011/0004419979
금천구,'사업성 보정계수' 노원·금천·구로에 첫 적용…8000가구 공급,아시아경제,2024.11.07,https://n.news.naver.com/article/277/0005496443
금천구,"시흥동 대도연립, 25층 200세대 단지로 재탄생",이데일리,2024.09.11,https://n.news.naver.com/article/018/0005834000
금천구,"서울시, 금천구 시흥1동 864번지 일대 모아타운 관리계획 심의통과",머니투데이,2024.08.25,https://n.news.naver.com/article/008/0005080963
금천구,서울 아파트값 또 올랐다... 금관구도 '껑충',파이낸셜뉴스,2024.08.15,https://n.news.naver.com/article/014/0005228256
금천구,독산역 공군부대 못 옮겨도…중학교 생기면 달라질까,비즈워치,2024.08.07,https://n.news.naver.com/article/648/0000027977
금천구,유찰 또 유찰...가산W몰 안 팔린다,헤럴드경제,2024.07.17,https://n.news.naver.com/article/016/0002336859
금천구,서울 시흥3동·가락동·신월동에 총 2279가구 공급…모아타운 통합심의 통과,아시아경제,2024.06.25,https://n.news.naver.com/article/277/0005436299
금천구,"시흥4동 810번지 일대, 1200여세대 주택단지 재탄생",이데일리,2024.05.30,https://n.news.naver.com/article/018/0005751659
금천구,"구로·금천 아파트값도 상승 전환…서울 전셋값, 상승폭 커져",노컷뉴스,2024.04.18,https://n.news.naver.com/article/079/0003886825
금천구,독산·신림·구로에도 신속통합기획,한국경제,2024.01.12,https://n.news.naver.com/article/015/0004936227
금천구,"금천구, 개별공시지가 결정·공시…11월까지 이의신청 접수",뉴시스,2023.10.27,https://n.news.naver.com/article/003/0012173533
금천구,금천구 시흥동 일대 신속통합기획안 확정…1천1백가구 조성,한국경제TV,2023.04.11,https://n.news.naver.com/article/215/0001094578
금천구,"""불법주차난 해소 기대"" 금천 시흥4동 '모아타운' 2026년 673가구 조성",머니S,2023.03.10,https://n.news.naver.com/article/417/0000902392
금천구,"신독산역 노보텔호텔 부지, '역세권 활성화사업' 대상지로",머니투데이,2022.07.19,https://n.news.naver.com/article/008/0004772376
금천구,금천구에 810병상 규모 대형 종합병원 들어선다,헤럴드경제,2022.02.25,https://n.news.naver.com/article/016/0001956292
노원구,노원구 5배·성북구 3배↑… 서울 강북집 찾는 외지인 늘었다,파이낸셜뉴스,2025.05.18,https://n.news.naver.com/article/014/0005351119
노원구,불암산 백사마을 재개발 11월 착공…3178세대 공급[집슐랭],서울경제,2025.04.25,https://n.news.naver.com/article/011/0004478332
노원구,노원구 월계동의 '천지개벽' [현장],아이뉴스24,2025.04.02,https://n.news.naver.com/article/031/0000921056
노원구,서울 마지막 달동네 노원 백사마을 재개발,파이낸셜뉴스,2025.03.02,https://n.news.naver.com/article/014/0005315297
노원구,"‘상계동 노른자’ 상계주공3단지, 신통기획 패스트트랙으로 재건축한다",조선비즈,2025.02.26,https://n.news.naver.com/article/366/0001056719
노원구,`공사비 인상` 부정투표로 중단된 상계2구역 사업 재가동,디지털타임스,2025.02.18,https://n.news.naver.com/article/029/0002936176
노원구,"노원구, '띵동 책배달 서비스' 운영",서울경제,2025.02.07,https://n.news.naver.com/article/011/0004447974
노원구,상계2구역 내달 임시조합장 선임...'상계뉴타운 재정비 속도나나',파이낸셜뉴스,2025.01.30,https://n.news.naver.com/article/014/0005301556
노원구,상계주공6 등 1.5만가구 재건축,한국경제,2025.01.01,https://n.news.naver.com/article/015/0005076760
노원구,"""상계주공10단지 정밀안전진단 통과...재건축 속도""",파이낸셜뉴스,2024.12.06,https://n.news.naver.com/article/014/0005278286
노원구,중계동 첫 재건축...중계그린 신통기획 자문방식 신청[부동산360],헤럴드경제,2024.12.01,https://n.news.naver.com/article/016/0002395342
노원구,"월계2 택지개발지구, 재개발 확정…6700가구 주거복합단지 탈바꿈",디지털타임스,2024.11.14,https://n.news.naver.com/article/029/0002915678
노원구,'사업성 보정계수' 노원·금천·구로에 첫 적용…8000가구 공급,아시아경제,2024.11.07,https://n.news.naver.com/article/277/0005496443
노원구,광운대·상봉역 일대 개발 탄력…서울 동북권 위상 바뀐다,헤럴드경제,2024.11.06,https://n.news.naver.com/article/016/0002384250
노원구,"SH공사, 하계5·상계마을 재정비사업 순항…이주주택 사전공개",데일리안,2024.11.04,https://n.news.naver.com/article/119/0002889017
노원구,"노원구‧제주도‧충남 당진‧보령, 탄소중립 선도도지 조성사업 선정",파이낸셜뉴스,2024.10.31,https://n.news.naver.com/article/014/0005261303
노원구,강북 단절시킨 광운대역 물류부지 개발 첫 삽…HDC현대산업개발 본사 이전 추진,서울경제,2024.10.24,https://n.news.naver.com/article/011/0004406569
노원구,상계동 대장주 단숨에 2억이 올랐다…천지개벽 기대감 노도강 집값 뛴다 [부동산360],헤럴드경제,2024.10.22,https://n.news.naver.com/article/016/0002377460
노원구,"서울시 ""강북권 재개발·재건축 신속 추진"" 약속",아시아경제,2024.10.02,https://n.news.naver.com/article/277/0005478796
노원구,"노원구, 청년 포털시스템 구축",서울경제,2024.09.27,https://n.news.naver.com/article/011/0004396858
도봉구,응팔·둘리 동네 ‘쌍문동’도 100번째 신통기획 확정,매일경제,2025.04.15,https://n.news.naver.com/article/009/0005476468
도봉구,"도봉구 창3동, 문화교육·커뮤니티거점 시설 들어온다",이데일리,2025.03.28,https://n.news.naver.com/article/018/0005972916
도봉구,"도봉구, 재개발 이주시 부동산 수수료 20% 감면[집슐랭]",서울경제,2025.03.04,https://n.news.naver.com/article/011/0004457000
도봉구,망원-쌍문-방학동에 모아주택 4035세대 공급,파이낸셜뉴스,2025.02.23,https://n.news.naver.com/article/014/0005311965
도봉구,방학역 인근 방학동 685 일대에 최고 31층·1650가구 조성,아시아경제,2025.02.18,https://n.news.naver.com/article/277/0005548006
도봉구,"도봉구, 쌍문역에서 찾아가는 전·월세 안심계약 상담소 운영",머니투데이,2025.02.12,https://n.news.naver.com/article/008/0005152001
도봉구,방학역에 39층 복합타운…도심주택 공급 '탄력',한국경제,2025.02.05,https://n.news.naver.com/article/015/0005089931
도봉구,"도봉구, 1호선 방학역사 신축 속도낸다",매일경제,2025.01.20,https://n.news.naver.com/article/009/0005431692
도봉구,"도봉구, 쌍문역 서쪽 일대 최고 46층 1404가구 공급",스포츠동아,2025.01.08,https://n.news.naver.com/article/382/0001172162
도봉구,쌍문한양1차 재건축 정비구역 지정...1158세대 들어선다,파이낸셜뉴스,2024.12.17,https://n.news.naver.com/article/014/0005283374
도봉구,우이동~쌍문1동 도로 52년만에 뚫렸다,매일경제,2024.12.16,https://n.news.naver.com/article/009/0005414228
도봉구,"도봉구, 청년 구정 체험단 모집",서울경제,2024.12.06,https://n.news.naver.com/article/011/0004424300
도봉구,전세사기 피하려니 월세가 오르네···도봉구 한 달 새 20만원 ‘껑충’,경향신문,2024.10.29,https://n.news.naver.com/article/032/0003329213
도봉구,"""성동구-도봉구에 모아주택 1852세대 들어선다""",파이낸셜뉴스,2024.10.25,https://n.news.naver.com/article/014/0005258460
도봉구,"도봉구, 가을 쌍리단길 별빛 야시장 개최",서울경제,2024.08.29,https://n.news.naver.com/article/011/0004386009
도봉구,'응팔' 쌍문동 모아타운에 최고 15층 아파트 들어선다,파이낸셜뉴스,2024.08.25,https://n.news.naver.com/article/014/0005232011
도봉구,"도봉구, 중소기업에 전시회 참가비 지원",서울경제,2024.08.09,https://n.news.naver.com/article/011/0004378189
도봉구,"LH, 쌍문·연신내역 등 서울 도심복합사업 사업참여자 선정 공모",서울경제,2024.08.04,https://n.news.naver.com/article/011/0004375657
도봉구,쌍문역 집값 들썩이나…최고 46층 공공주택 1404세대 공급,디지털타임스,2024.07.24,https://n.news.naver.com/article/029/0002889998
도봉구,“전세계 팬들 몰려오겠네”…2만8천명 수용하는 ‘이곳’에 서울 동부권 들썩,매일경제,2024.07.02,https://n.news.naver.com/article/009/0005328119
동대문구,답십리 자동차부품상가에 32층 주상복합 아파트 들어선다[집슐랭],서울경제,2025.04.08,https://n.news.naver.com/article/011/0004471610
동대문구,"동대문구 신설1구역, '전국 최초' 공공재개발 사업시행계획인가",머니투데이,2025.03.27,https://n.news.naver.com/article/008/0005171714
동대문구,홈플러스 동대문점 부지에 49층 주상복합·공연장 짓는다,조선비즈,2025.03.27,https://n.news.naver.com/article/366/0001064231
동대문구,"용두1재정비촉진지역, 27층에서 49층으로 높이 완화[집슐랭]",서울경제,2025.02.26,https://n.news.naver.com/article/011/0004455135
동대문구,청량리 일대 843가구 지형순응형 주거타운 만든다,머니투데이,2025.02.18,https://n.news.naver.com/article/008/0005154614
동대문구,"서울 전농제9구역, 4400억 규모 공공재개발 속도",머니S,2024.12.23,https://n.news.naver.com/article/417/0001047095
동대문구,"동대문구 신설동, 지구단위계획 재정비…풍물시장 상권 활성화",디지털타임스,2024.12.12,https://n.news.naver.com/article/029/0002922222
동대문구,청량리4구역 1425가구 대단지…고가도로 폐지,디지털타임스,2024.11.28,https://n.news.naver.com/article/029/0002918807
동대문구,"SH공사, 동대문구 취약계층 위한 집수리 봉사 활동 진행",이데일리,2024.11.25,https://n.news.naver.com/article/018/0005892718
동대문구,동대문·중랑구 공공재개발…프리미엄 대단지 들어선다,한국경제,2024.11.17,https://n.news.naver.com/article/015/0005058120
동대문구,[단독]'강북 숙원' 우이방학선마저…공공경전철 좌초,서울경제,2024.10.25,https://n.news.naver.com/article/011/0004407185
동대문구,"[단독]전농15구역, 신통기획 불씨 살아났다…이달 말 용역발주",이데일리,2024.10.21,https://n.news.naver.com/article/018/0005864142
동대문구,'동대문구 대개조' 도시계획 혁신전략 수립 착수,연합뉴스,2024.10.18,https://n.news.naver.com/article/001/0014991399
동대문구,"신설1구역, 서울시 공공재개발 최초 통합심의 완료",머니투데이,2024.08.30,https://n.news.naver.com/article/008/0005083523
동대문구,`전농8구역` 재개발 시공사에 롯데건설… 올해 수주 `1조 클럽`,디지털타임스,2024.08.25,https://n.news.naver.com/article/029/0002897435
동대문구,청량리 용두1구역 주상복합 최고 150m·49층 허용한다,머니투데이,2024.08.23,https://n.news.naver.com/article/008/0005080330
동대문구,답십리동 일대 신통기획 확정…최고 45층 내외·2250가구로 재탄생,서울경제,2024.08.21,https://n.news.naver.com/article/011/0004382390
동대문구,"신설1구역, 24층·299가구로 재개발…내년 착공 나선다",서울경제,2024.08.21,https://n.news.naver.com/article/011/0004382385
동대문구,"양재역·청량리역, 토지 용도 제한 없는 ‘한국형 화이트존’으로 개발",경향신문,2024.07.01,https://n.news.naver.com/article/032/0003305658
동대문구,"서울 동북부 교통허브 청량리역 일대, 대규모 정비사업 신규 단지들 주목",한국경제TV,2024.06.25,https://n.news.naver.com/article/215/0001167978
동작구,"""'음쓰 처리기' 있는 아파트 같은 빌라""…동작구, '빌라관리센터' 확대",머니투데이,2025.05.09,https://n.news.naver.com/article/008/0005191504
동작구,동작구 개발 사업 탄력…역세권 활성화부터 5900가구 대단지까지,서울경제,2025.04.19,https://n.news.naver.com/article/011/0004475909
동작구,동작구 상도동 일대 6000가구 대규모 단지 조성된다,머니투데이,2025.04.14,https://n.news.naver.com/article/008/0005179917
동작구,상도14·15구역 정비구역 지정 고시…4395가구 대단지 탈바꿈,이데일리,2025.04.03,https://n.news.naver.com/article/018/0005977409
동작구,[단독]노량진6구역 공사비 3.3㎡당 739만원 극적 타결…사업에 속도낸다 [부동산360],헤럴드경제,2025.03.28,https://n.news.naver.com/article/016/0002449380
동작구,노량진에 공연장 조성…5월 개관,한국경제TV,2025.03.14,https://n.news.naver.com/article/215/0001201918
동작구,사당5구역에 530가구 신축아파트 들어선다…용적률 250%로 상향 적용,디지털타임스,2025.03.06,https://n.news.naver.com/article/029/0002939357
동작구,한남1구역·사당16구역 등 신통기획 재개발 후보지 9곳 선정,머니투데이,2025.02.28,https://n.news.naver.com/article/008/0005159761
동작구,"동작구, 마을버스 정보안내단말기 15개 추가 설치",서울경제,2025.01.09,https://n.news.naver.com/article/011/0004437730
동작구,"""K-회 먹으러 가자""…노량진수산시장 세계적 명소로 복합개발",머니투데이,2024.12.27,https://n.news.naver.com/article/008/0005133824
동작구,노후한 상도동 성대시장 일대 역세권 상가·주택 복합개발한다,머니투데이,2024.12.27,https://n.news.naver.com/article/008/0005133798
동작구,상도 14·15구역 아파트 4405가구 재개발…서울시 신통기획 속도전,매일경제,2024.12.25,https://n.news.naver.com/article/009/0005419296
동작구,보라매역 역세권에 장기전세주택 공급…775세대 규모,이데일리,2024.12.12,https://n.news.naver.com/article/018/0005904467
동작구,흑석11구역에 1511세대 아파트 단지 들어선다,조선비즈,2024.12.01,https://n.news.naver.com/article/366/0001036340
동작구,"흑석 2구역, 최고 49층 높이·1012 가구 공급…""흑석 랜드마크로""",서울경제,2024.11.28,https://n.news.naver.com/article/011/0004420623
동작구,"동작구, 찾아가는 결핵 이동검진 실시",서울경제,2024.11.15,https://n.news.naver.com/article/011/0004415598
동작구,"동작구, 청년신혼부부 대상 만원주택 공급",파이낸셜뉴스,2024.10.29,https://n.news.naver.com/article/014/0005259738
동작구,"서울시, 홍제동 개미마을·사당동 노후 지역 신속통합기획 재개발 선정",서울경제,2024.10.22,https://n.news.naver.com/article/011/0004405559
동작구,동작구 남성역 인근에 37층 높이 주상복합,매일경제,2024.10.17,https://n.news.naver.com/article/009/0005380659
동작구,"동작구, 학교 체육시설 주말 개방",서울경제,2024.10.04,https://n.news.naver.com/article/011/0004399164
마포구,"서울시, 상암동에 자율주행 정밀도로지도 구축…민간에 제공",한국경제TV,2025.05.13,https://n.news.naver.com/article/215/0001209058
마포구,마포 아현1구역 공공재개발 본격화…현금청산 대상 581명 구제,아시아경제,2025.04.06,https://n.news.naver.com/article/277/0005573653
마포구,"강서 화곡동·마포 중동, 2167가구 '모아타운' 재탄생",이데일리,2025.03.25,https://n.news.naver.com/article/018/0005970040
마포구,망원-쌍문-방학동에 모아주택 4035세대 공급,파이낸셜뉴스,2025.02.23,https://n.news.naver.com/article/014/0005311965
마포구,"마포구, 위반건축물 현장조사… 옥상·테라스 무단 증축 점검",세계일보,2025.02.12,https://n.news.naver.com/article/022/0004010152
마포구,"마포구, 노후 공동 주택 개선 지원… 3억 5000만원 규모 사업",세계일보,2025.02.11,https://n.news.naver.com/article/022/0004009821
마포구,"마포 공덕자이, 입주 10년만에 등기 완료⋯""무슨 사연?""",아이뉴스24,2025.02.06,https://n.news.naver.com/article/031/0000906256
마포구,"마포구, 합정동 군부대 이전 촉구…1만 4272명 주민서명 권익위 전달",서울경제,2025.02.05,https://n.news.naver.com/article/011/0004446870
마포구,"마포구, 마포순환열차버스 시승식",서울경제,2025.01.21,https://n.news.naver.com/article/011/0004442367
마포구,"마포구, 설 연휴 공영주차장 26곳 무료 개방",서울경제,2025.01.16,https://n.news.naver.com/article/011/0004440649
마포구,9년째 미등기 '공덕자이' 대출 길 열렸다,한국경제,2024.12.19,https://n.news.naver.com/article/015/0005072328
마포구,'마포 최대 규모' 성산시영 재건축 시동,한국경제,2024.12.19,https://n.news.naver.com/article/015/0005072327
마포구,"경의선숲길, 24층 규모 오피스 빌딩 들어선다",헤럴드경제,2024.12.12,https://n.news.naver.com/article/016/0002401101
마포구,수색역-DMC역 상부 '공공보행통로' 연결…주거복합시설도 도입,이데일리,2024.11.14,https://n.news.naver.com/article/018/0005885215
마포구,"서울시 ""마포 쓰레기소각장, 대기질·악취 영향 미미""",이데일리,2024.11.01,https://n.news.naver.com/article/018/0005874171
마포구,"마포구, 아현2구역 재건축 사업 이전고시 완료",이데일리,2024.10.31,https://n.news.naver.com/article/018/0005873014
마포구,홍대~합정 일대 관광·청년문화 중심지로…용적률 1.2배까지 완화,아시아경제,2024.10.24,https://n.news.naver.com/article/277/0005489207
마포구,"마포구, ‘청소년 그룹사운드 경연대회’ 참가자 모집",서울경제,2024.10.11,https://n.news.naver.com/article/011/0004401580
마포구,상암동 한샘 사옥 3200억에 팔렸다… 8월 상업용 빌딩 거래량·거래금액 감소,세계일보,2024.10.02,https://n.news.naver.com/article/022/0003973092
마포구,"마포구, 재산세 고액납세자 관리",서울경제,2024.09.26,https://n.news.naver.com/article/011/0004396396
서대문구,[단독] 북아현3 사업시행인가 구청이 ‘반려’ 날벼락…법적대응 예고 [부동산360],헤럴드경제,2025.05.20,https://n.news.naver.com/article/016/0002473458
서대문구,서대문 유진상가·인왕시장 역세권 활성화..49층 복합건물 짓는다,머니투데이,2025.04.24,https://n.news.naver.com/article/008/0005185104
서대문구,"가재울뉴타운 마지막 퍼즐 7구역, 정비구역 연장 추진",아시아경제,2025.04.22,https://n.news.naver.com/article/277/0005581386
서대문구,"서대문 홍은15구역, 1834가구 대단지로 탈바꿈[집슐랭]",서울경제,2025.04.17,https://n.news.naver.com/article/011/0004475282
서대문구,"서대문 가재울 좌원상가, 도시재생 따라 임시이주한다",이데일리,2025.03.28,https://n.news.naver.com/article/018/0005972915
서대문구,천연동서 '서대문구 1호 모아타운' 사업 속도낸다,이데일리,2025.03.21,https://n.news.naver.com/article/018/0005967488
서대문구,"서대문구 ""재건축·재개발 유의사항 무료로 알려드려요""",파이낸셜뉴스,2025.02.27,https://n.news.naver.com/article/014/0005314134
서대문구,북아현3구역 새 조합장 선임 무산⋯재개발 또 공전하나,아이뉴스24,2025.02.19,https://n.news.naver.com/article/031/0000909860
서대문구,대학가 원룸 월세 또 껑충…가장 비싼 곳은 이화여대,경향신문,2025.02.11,https://n.news.naver.com/article/032/0003350205
서대문구,"서대문구, 연세로 대중교통전용지구 해제 기념행사",서울경제,2025.01.16,https://n.news.naver.com/article/011/0004440622
서대문구,북아현뉴타운 한복판 ‘알짜땅’ 730평 나왔다…최저입찰가 184억원 [부동산360],헤럴드경제,2025.01.09,https://n.news.naver.com/article/016/0002413769
서대문구,"서대문구, 스마트 이음길 2차 구간 개통",서울경제,2025.01.07,https://n.news.naver.com/article/011/0004436667
서대문구,서울 북아현2구역 재개발 무산위기,헤럴드경제,2024.12.20,https://n.news.naver.com/article/016/0002405532
서대문구,서대문·중랑·양천에 모아타운으로 3447가구 공급,매일경제,2024.12.20,https://n.news.naver.com/article/009/0005416978
서대문구,연세로 '대중교통전용지구' 11년만에 해제…1월부터 차량 통행,연합뉴스,2024.12.19,https://n.news.naver.com/article/001/0015114971
서대문구,홍제3구역 ‘서울형 키즈카페’ 추진,헤럴드경제,2024.11.19,https://n.news.naver.com/article/016/0002390216
서대문구,'강북 알짜' 북아현2구역 재개발 사업 탄력,매일경제,2024.11.04,https://n.news.naver.com/article/009/0005390638
서대문구,"서대문구, 수험생 행복콘서트",서울경제,2024.10.31,https://n.news.naver.com/article/011/0004409453
서대문구,"서대문구, 제1기 '댕댕이 순찰단' 출범",서울경제,2024.10.29,https://n.news.naver.com/article/011/0004408265
서대문구,“재개발은 시간이 돈인데” 북아현3구역 단단히 화났다! [부동산360],헤럴드경제,2024.10.25,https://n.news.naver.com/article/016/0002379145
서초구,방배동은 모아타운도 된다…소규모 빌라촌 정비사업 본격화[집슐랭],서울경제,2025.05.20,https://n.news.naver.com/article/011/0004487245
서초구,콧대 높던 서초 전셋값 7주째 '뚝'…대단지 입주 노려볼까,한국경제,2025.05.18,https://n.news.naver.com/article/015/0005133269
서초구,"""서초구에 전세물건 많아요""⋯3000채 쏟아진다",아이뉴스24,2025.05.15,https://n.news.naver.com/article/031/0000932313
서초구,"서초구, 토지거래허가 길라잡이 시스템 운영",연합뉴스,2025.05.11,https://n.news.naver.com/article/001/0015380146
서초구,서울 강남서도 재건축 시공 수주경쟁 '실종' [현장],아이뉴스24,2025.05.11,https://n.news.naver.com/article/031/0000931220
서초구,강남구·서초구 자연녹지지역 일대 ‘토지거래허가구역’ 재지정,조선비즈,2025.05.08,https://n.news.naver.com/article/366/0001075272
서초구,1분기 서초구 84㎡ 아파트값 29억원…서울 평균의 2배,뉴스1,2025.04.29,https://n.news.naver.com/article/421/0008220330
서초구,"우면산 자락 무허가건물 밀집지역, 정원도시로 재탄생",이데일리,2025.04.25,https://n.news.naver.com/article/018/0005997223
서초구,"사당역 역세권에 322가구 공동주택 들어선다…""주거 안정·지역 활성화 기대""",아시아경제,2025.04.24,https://n.news.naver.com/article/277/0005582800
서초구,"서초구, 20년 이상된 빌라 주거환경 개선에 최대 2000만원 지원",머니투데이,2025.04.14,https://n.news.naver.com/article/008/0005179881
서초구,"방배동·공항동·상도동에 모아주택 3,446가구 공급",한국경제TV,2025.04.11,https://n.news.naver.com/article/215/0001205475
서초구,서초 아파트 평균매매가 첫 30억 돌파,헤럴드경제,2025.04.02,https://n.news.naver.com/article/016/0002451441
서초구,서초구 내방역 일대에 문화시설·262가구 공동주택 들어선다,아시아경제,2025.03.20,https://n.news.naver.com/article/277/0005563895
서초구,서초구 아파트 평균 실거래가 28.5억원…1년 동안 7억원 ‘쑥’,데일리안,2025.03.12,https://n.news.naver.com/article/119/0002931972
서초구,"서초 신축 아파트 3.3㎡ 가격, 재건축보다 4275만 원 높아",노컷뉴스,2025.03.04,https://n.news.naver.com/article/079/0003997962
서초구,"서초구, 공영주차장 전기차 화재대응 시스템 운영",서울경제,2025.02.04,https://n.news.naver.com/article/011/0004446505
서초구,"남부터미널 일대 활성화 추진…예술의전당, 정보사 부지 연계",뉴스1,2025.02.04,https://n.news.naver.com/article/421/0008054285
서초구,"작년 서초구 평균 아파트값, 도봉구의 4.6배",조선일보,2025.01.30,https://n.news.naver.com/article/023/0003885170
서초구,반포서 평당 2억 시대 열렸다…래미안원베일리 전용 133㎡ 106억에 팔려,서울경제,2025.01.24,https://n.news.naver.com/article/011/0004443842
서초구,"서초구, 장기요양 재택의료센터 시범사업",서울경제,2025.01.17,https://n.news.naver.com/article/011/0004441019
성동구,성수 재개발 속도에···“우리도 좀 끼워줘요”,매일경제,2025.05.06,https://n.news.naver.com/article/009/0005487582
성동구,마장동 382번지 일대 정비계획 결정…지형순응형 262가구,머니투데이,2025.04.29,https://n.news.naver.com/article/008/0005187330
성동구,성수동 일대 '한강변 스카이라인' 달라진다… 1~4지구 모두 최고 65층 추진 [집슐랭],서울경제,2025.04.28,https://n.news.naver.com/article/011/0004479032
성동구,"뚝섬역 인근 성수1구역 재건축, 용적률 완화로 321가구 공급",머니투데이,2025.04.24,https://n.news.naver.com/article/008/0005185102
성동구,'강북의 반포' 성수 1만가구 재개발 본궤도,매일경제,2025.04.06,https://n.news.naver.com/article/009/0005471520
성동구,"성동구, 오는 21일까지 재개발·재건축 사업지 집중 안전 점검",머니투데이,2025.03.14,https://n.news.naver.com/article/008/0005165740
성동구,청계천 옆 마장동 460번지 일대에 225가구 공동주택 들어선다,머니투데이,2025.03.12,https://n.news.naver.com/article/008/0005164475
성동구,"“이래서 강남 안되면 근처라도”…직주근접 뛰어난 이 동네, 정비사업 탄력",매일경제,2025.03.05,https://n.news.naver.com/article/009/0005453392
성동구,"성동구 옥수극동, 리모델링 건축심의 통과",한국경제TV,2025.02.26,https://n.news.naver.com/article/215/0001199908
성동구,성수동 삼표레미콘 부지에 77층 초고층 빌딩,국민일보,2025.02.19,https://n.news.naver.com/article/005/0001758374
성동구,한강변 응봉동도 재건축 바람분다,머니투데이,2025.02.05,https://n.news.naver.com/article/008/0005148717
성동구,'마용성'의 성동구 집값 상승 '현재완료',아이뉴스24,2025.02.02,https://n.news.naver.com/article/031/0000905036
성동구,"장안평 중고차매매센터, 최고 36층 주거·상업시설로",아시아경제,2024.12.25,https://n.news.naver.com/article/277/0005523055
성동구,성수동 20억 단독주택 보유세 772만 원→816만 원…내년 44만 원 오른다,서울경제,2024.12.20,https://n.news.naver.com/article/011/0004430427
성동구,더 `핫`해지는 성수동? 한강변에 250m 초고층 아파트 9428가구,디지털타임스,2024.11.26,https://n.news.naver.com/article/029/0002918145
성동구,옥수극동아파트 리모델링 사업 속도…지구단위계획 확정,이데일리,2024.11.14,https://n.news.naver.com/article/018/0005885217
성동구,"성동구, 경기장·공연장 인파 대응 매뉴얼 제정",서울경제,2024.11.12,https://n.news.naver.com/article/011/0004414111
성동구,"“성수동 공실, 임대료 비싼 팝업 쏠림 탓”",헤럴드경제,2024.11.08,https://n.news.naver.com/article/016/0002385716
성동구,"성동구, 어린이보호구역 36개소 교통안전시설물 개선",서울경제,2024.11.05,https://n.news.naver.com/article/011/0004411328
성동구,"""성동구-도봉구에 모아주택 1852세대 들어선다""",파이낸셜뉴스,2024.10.25,https://n.news.naver.com/article/014/0005258460
성북구,장위8구역도 래미안… 강북 재개발 판 흔든다,세계일보,2025.04.21,https://n.news.naver.com/article/022/0004029359
성북구,장위4구역 입주 위기 넘겼다…성북구청 임시사용승인 받아,아이뉴스24,2025.03.31,https://n.news.naver.com/article/031/0000920457
성북구,성북구 장위12구역에 1386가구 아파트 단지 들어선다…2029년 착공 예정,디지털타임스,2025.03.19,https://n.news.naver.com/article/029/0002942087
성북구,종암8구역 최고 39층·694가구로 탈바꿈,아시아경제,2025.03.16,https://n.news.naver.com/article/277/0005561413
성북구,성북구 중재 끝에 '장위4구역' 공사비 갈등 풀었다,연합뉴스,2025.02.18,https://n.news.naver.com/article/001/0015220487
성북구,석관동·원효로4가 모아타운 심의 통과…3490세대 공급,서울경제,2025.02.14,https://n.news.naver.com/article/011/0004450654
성북구,"성북구, 열린아파트 등 공동주택 지원사업…총예산 12억 투입",머니투데이,2025.02.12,https://n.news.naver.com/article/008/0005152042
성북구,"‘성북동 비둘기’ 놀래던 개운산 채석장, 최고 22층 주거단지 된다",조선비즈,2024.12.25,https://n.news.naver.com/article/366/0001042662
성북구,"성북 석관4구역, 최고 36층·1,530가구로 탈바꿈",한국경제TV,2024.12.17,https://n.news.naver.com/article/215/0001191996
성북구,종로·성북구 공공재개발 등 67곳 토지거래허가구역 재지정,머니투데이,2024.12.17,https://n.news.naver.com/article/008/0005129578
성북구,"돈암동·신림동·입정동 재개발 사업지, 서울시 통합심의 통과",이데일리,2024.11.01,https://n.news.naver.com/article/018/0005874629
성북구,"성북구, 강북횡단선 재추진 서명 10만명 돌파",서울경제,2024.11.01,https://n.news.naver.com/article/011/0004409844
성북구,"성북구, ‘강북횡단선 재추진 촉구 범 구민 결의대회’ 개최",이데일리,2024.10.27,https://n.news.naver.com/article/018/0005869762
성북구,"성북구, 저출생 극복 콘텐츠 공모전",서울경제,2024.10.17,https://n.news.naver.com/article/011/0004403758
성북구,"성북구, 장위12구역 도심복합사업 재탄생…1386세대 공급 예정",이데일리,2024.10.10,https://n.news.naver.com/article/018/0005854630
성북구,"대우건설, 동부간선 지하화 착공식 개최…'성북~강남 10분'",한국경제TV,2024.10.04,https://n.news.naver.com/article/215/0001182201
성북구,장위15구역에 최고 36층 3317가구,매일경제,2024.09.22,https://n.news.naver.com/article/009/0005367914
성북구,"성북구, 간병로봇 지원사업 공모 선정",서울경제,2024.09.20,https://n.news.naver.com/article/011/0004394012
성북구,'광진·성북·구로' 장기전세 1만6천명 몰려…최고 216대 1,한국경제TV,2024.09.13,https://n.news.naver.com/article/215/0001179610
성북구,"2840세대 '장위4구역' 공사 멈추나…설계사 부재, 입주 지연 불가피",뉴스1,2024.09.13,https://n.news.naver.com/article/421/0007789457
송파구,"서울시, 송파구 가락동 등 모아타운·모아주택 3건 통합심의 통과",데일리안,2025.05.09,https://n.news.naver.com/article/119/0002954197
송파구,잠실 장미 5000가구 매머드급 재건축,매일경제,2025.04.27,https://n.news.naver.com/article/009/0005483264
송파구,서울 송파구 가락동에 1240가구 대규모 단지 조성…‘미리내집’도 마련,헤럴드경제,2025.04.25,https://n.news.naver.com/article/016/0002462549
송파구,토허제 한 달 해제에…송파구 1분기 아파트값 상승 1위,이데일리,2025.04.20,https://n.news.naver.com/article/018/0005992517
송파구,토허제 해제에 롤러코스터 탄 잠실,헤럴드경제,2025.04.15,https://n.news.naver.com/article/016/0002457427
송파구,송파구 집값 '냉·온탕' 반복…왜?,아이뉴스24,2025.04.07,https://n.news.naver.com/article/031/0000922262
송파구,"송파구, 문정현대아파트 리모델링 승인…120→138가구",이데일리,2025.03.14,https://n.news.naver.com/article/018/0005962869
송파구,철거 돌입 ‘마천4구역’ 대형평수 더 짓는다,헤럴드경제,2025.03.12,https://n.news.naver.com/article/016/0002440942
송파구,"서울 송파구, 풍납동 보상완료 부지에 '세계정원' 만든다",머니투데이,2025.03.12,https://n.news.naver.com/article/008/0005164473
송파구,“토허제 해제 무섭네”… 송파구 집값 7년만에 최대 상승폭 기록,세계일보,2025.03.06,https://n.news.naver.com/article/022/0004016572
송파구,"서울 북촌·풍납토성 용적률 팔 수 있다…""땅 교환 기준 마련해야""",뉴스1,2025.02.25,https://n.news.naver.com/article/421/0008097390
송파구,"마천2구역, 11년 만 재정비 결정…최고 41층·1729가구 대단지 ‘탈바꿈’",디지털타임스,2025.02.23,https://n.news.naver.com/article/029/0002937101
송파구,[교통시대]승하차 1위 지하철역은 강남 아닌 '이곳',비즈워치,2025.02.19,https://n.news.naver.com/article/648/0000033567
송파구,송파 또 올랐다…집값 상승폭 확대,한국경제TV,2025.02.13,https://n.news.naver.com/article/215/0001198394
송파구,잠실·삼성·대치·청담 '거래허가구역' 해제,한국경제,2025.02.12,https://n.news.naver.com/article/015/0005093372
송파구,헬리오시티 이후 7년만…가락동 재건축 '붐',매일경제,2025.02.06,https://n.news.naver.com/article/009/0005439695
송파구,송파 마천역 앞에 2만8000㎡ 공원 들어선다… 내년 10월부터 시민 이용 가능,조선비즈,2025.02.06,https://n.news.naver.com/article/366/0001051775
송파구,"옛 성동구치소 부지, 서울시 '공모형 민간투자' 사업 추진",뉴스1,2025.02.03,https://n.news.naver.com/article/421/0008050662
송파구,"송파구, 금연클리닉 운영",서울경제,2025.01.17,https://n.news.naver.com/article/011/0004440966
송파구,"송파한양2차, 최고 29층 1346세대 단지로 탈바꿈한다",서울경제,2024.12.29,https://n.news.naver.com/article/011/0004433378
양천구,"서울 양천구 재건축 대어 신월시영, 정비구역 지정…3149세대 단지로[집슐랭]",서울경제,2025.04.29,https://n.news.naver.com/article/011/0004479645
양천구,목동 1~3단지 재건축 속도↑ 같은 평수 이동시 6억 환급에 신고가 랠리 [집슐랭],서울경제,2025.04.03,https://n.news.naver.com/article/011/0004469443
양천구,목동 금싸라기땅 5800평 통매각 추진하는 양천구,아시아경제,2025.03.18,https://n.news.naver.com/article/277/0005562342
양천구,"양천구 ""가격 안내로 신축빌라 전세사기 예방 최선""",파이낸셜뉴스,2025.03.16,https://n.news.naver.com/article/014/0005321496
양천구,목동14단지 정비구역 지정…49층 5123가구 재건축 본격화,한국경제,2025.03.07,https://n.news.naver.com/article/015/0005103218
양천구,양천구 신월1·3동 도시재생 추진… 신삼문화발전소 조성,조선비즈,2025.02.28,https://n.news.naver.com/article/366/0001057431
양천구,조합이냐 신탁이냐…사업방식 놓고 고심하는 목동 재건축,아시아경제,2025.02.07,https://n.news.naver.com/article/277/0005542857
양천구,"'골목길 지분 쪼개기 차단'… 서울시 모아타운 12곳, 토허구역 추가",이데일리,2025.02.06,https://n.news.naver.com/article/018/0005937424
양천구,목동 1~3단지도 재건축 속도…올해 상반기 정비계획 확정되나,조선비즈,2025.01.25,https://n.news.naver.com/article/366/0001049728
양천구,신월7동 1구역 정비구역 지정 고시…최고 14층 2890가구 들어선다,파이낸셜뉴스,2025.01.24,https://n.news.naver.com/article/014/0005300549
양천구,"양천구, 스마트경로당 2배 늘린다",서울경제,2025.01.15,https://n.news.naver.com/article/011/0004440090
양천구,"양천구, '2호선 신정지선 김포 연장' 위한 노선안 서울시 제출",이데일리,2024.12.24,https://n.news.naver.com/article/018/0005912193
양천구,"'역세권' 목동13단지, 3811세대 대단지로 재건축",파이낸셜뉴스,2024.12.17,https://n.news.naver.com/article/014/0005283384
양천구,"""목동8단지, 최고 49층 1881세대로 탈바꿈""",파이낸셜뉴스,2024.12.17,https://n.news.naver.com/article/014/0005283378
양천구,지하철 9호선 염창역 앞에 411가구 아파트 들어선다,머니S,2024.12.13,https://n.news.naver.com/article/417/0001045038
양천구,목동2단지·분당 양지마을…'신탁방식' 재건축,한국경제,2024.12.06,https://n.news.naver.com/article/015/0005066649
양천구,목동14단지 재건축 확정됐다…최고 49층 5181세대 탈바꿈,매일경제,2024.11.27,https://n.news.naver.com/article/009/0005403524
양천구,목동10단지 재건축…40층·4045가구로,한국경제,2024.11.21,https://n.news.naver.com/article/015/0005059906
양천구,"37살 양천구 신월시영, 최고 21층 3147가구 재건축",머니S,2024.11.11,https://n.news.naver.com/article/417/0001038058
양천구,"목동6단지, 조합직접설립 추진…""관 개입해도 속도가 생명""",이데일리,2024.11.07,https://n.news.naver.com/article/018/0005878933
영등포구,영등포 신길2구역에 1천332세대 공급…공공주택 복합사업,SBS Biz,2025.05.16,https://n.news.naver.com/article/374/0000440908
영등포구,"영등포 양남시장, 최고 12층 주상복합으로 탈바꿈",매일경제,2025.03.28,https://n.news.naver.com/article/009/0005466644
영등포구,"영등포구 서울지방병무청역세권, 지상 42층 1228세대 아파트 들어선다",헤럴드경제,2025.03.13,https://n.news.naver.com/article/016/0002441355
영등포구,"서울 사는 신혼부부들은 좋겠네…안심주택, 방화동·신길동·원효로동 3곳 추진",디지털타임스,2025.03.09,https://n.news.naver.com/article/029/0002939812
영등포구,신당8구역 재개발·여의도 대교아파트 재건축 통합심의 통과,SBS Biz,2025.02.28,https://n.news.naver.com/article/374/0000427584
영등포구,서울서 원룸 전월세 가장 비싼 곳은 '영등포',아이뉴스24,2025.02.25,https://n.news.naver.com/article/031/0000911447
영등포구,여의도 재건축서도 ‘평당 1억’ 거래 나왔다,헤럴드경제,2025.02.20,https://n.news.naver.com/article/016/0002431669
영등포구,영등포 대림1구역 1026가구 단지로 탈바꿈,아이뉴스24,2025.02.18,https://n.news.naver.com/article/031/0000909552
영등포구,영등포 'QR코드 활용' 부동산 간편조회 안내문 확대 배포,연합뉴스,2025.02.14,https://n.news.naver.com/article/001/0015213061
영등포구,"여의도 시범, 65층 2473가구로",매일경제,2025.02.13,https://n.news.naver.com/article/009/0005443377
영등포구,"영등포구, 공영 노상주차장 토요일 무료 개방",서울경제,2025.01.14,https://n.news.naver.com/article/011/0004439335
영등포구,"영등포구 ""기부채납 인정 비율 상향 등으로 정비사업 속도""",파이낸셜뉴스,2025.01.14,https://n.news.naver.com/article/014/0005295100
영등포구,"SK에코플랜트, 종로→영등포 사옥 이전... 2027년 준공",파이낸셜뉴스,2025.01.03,https://n.news.naver.com/article/014/0005290768
영등포구,"'56층' 여의도 한양, 재건축 속도…건축·교통 등 통합심의 통과",아시아경제,2024.12.24,https://n.news.naver.com/article/277/0005522786
영등포구,"'노후 주택지' 당산1구역, '신통기획' 39층 아파트로 탈바꿈",이데일리,2024.12.17,https://n.news.naver.com/article/018/0005907686
영등포구,"‘일조권 갈등’ 여의도 대교아파트, 신통기획 설계안 변경… 단지 동 6→4개로",조선비즈,2024.12.09,https://n.news.naver.com/article/366/0001038406
영등포구,대림3동·번동에 모아타운·모아주택…902가구 공급,한국경제TV,2024.12.06,https://n.news.naver.com/article/215/0001190687
영등포구,문래동 5245.3㎡ 땅에 지식산업센터 들어선다,이데일리,2024.12.05,https://n.news.naver.com/article/018/0005899344
영등포구,"[단독] “기피시설 좀 받으면 어때”…재건축 꽉 막혔던 이 동네, 드디어 볕드나",매일경제,2024.10.31,https://n.news.naver.com/article/009/0005388347
영등포구,"여의도 재건축 불티난다지만...""소형은 안팔려요""",파이낸셜뉴스,2024.10.30,https://n.news.naver.com/article/014/0005260717
용산구,"용산구에 색을 입히다… HDC현산, 구민과 담장 벽화 봉사",머니S,2025.05.16,https://n.news.naver.com/article/417/0001077346
용산구,50년 넘은 '한남시범' 재건축 시동…120가구 규모[집슐랭],서울경제,2025.05.16,https://n.news.naver.com/article/011/0004486054
용산구,"서울시, 이촌동 한가람아파트 리모델링 심의통과",이데일리,2025.05.15,https://n.news.naver.com/article/018/0006014324
용산구,"[단독]용산 정비조합 26곳 뭉쳤다...""분양가상한제 폐지하라""",파이낸셜뉴스,2025.05.14,https://n.news.naver.com/article/014/0005349538
용산구,“공실 가득 이태원…‘핫플’ 유효기간 끝”,헤럴드경제,2025.05.13,https://n.news.naver.com/article/016/0002470401
용산구,"용산국제업무지구 내 스카이트레일 연결 포기…""사업·현실성 고려""",뉴스1,2025.05.11,https://n.news.naver.com/article/421/0008242604
용산구,용산 청파동 장기전세주택 조성 속도…아파트 8개동 건립,이데일리,2025.05.08,https://n.news.naver.com/article/018/0006007507
용산구,“용산공원을 센트럴파크로”...용산국가공원포럼 발족,매일경제,2025.05.02,https://n.news.naver.com/article/009/0005486529
용산구,한남3구역 재개발·재건축 입주권도 토허구역 대상,아이뉴스24,2025.04.21,https://n.news.naver.com/article/031/0000926154
용산구,'용산 노른자위 입지' 청파1구역 재개발에 건설사 몰릴까,이데일리,2025.04.18,https://n.news.naver.com/article/018/0005990919
용산구,“용산대통령실 이전하면 월세 싸질까요”,헤럴드경제,2025.04.18,https://n.news.naver.com/article/016/0002459352
용산구,한남3구역에 초등학교·병설 유치원 생긴다,헤럴드경제,2025.04.16,https://n.news.naver.com/article/016/0002457873
용산구,"용산 전자상가 일대, 'AI·ICT 특정개발진흥지구' 대상지 최종 선정",머니투데이,2025.04.14,https://n.news.naver.com/article/008/0005179860
용산구,"한남4구역, 사업시행인가 신청...정비사업 ‘8부 능선’ 속도낸다 [부동산360]",헤럴드경제,2025.04.03,https://n.news.naver.com/article/016/0002451964
용산구,'시공사 교체 갈등' 또 불거진 한남2구역,매일경제,2025.04.02,https://n.news.naver.com/article/009/0005469667
용산구,"용산구, 전국 최초 토지거래허가 정보광장 구축",이데일리,2025.03.31,https://n.news.naver.com/article/018/0005974788
용산구,"용산구 ""1인가구 전·월세 안심계약 도움서비스 확대""",파이낸셜뉴스,2025.03.24,https://n.news.naver.com/article/014/0005325113
용산구,한남뉴타운 재개발 속도…4·5구역 사업시행인가 준비 돌입,더팩트,2025.03.19,https://n.news.naver.com/article/629/0000373884
용산구,"강남3구+용산, 6개월간 토지거래허가구역 지정",비즈워치,2025.03.19,https://n.news.naver.com/article/648/0000034492
용산구,"서울 사는 신혼부부들은 좋겠네…안심주택, 방화동·신길동·원효로동 3곳 추진",디지털타임스,2025.03.09,https://n.news.naver.com/article/029/0002939812
은평구,노후 주거지 연신내 공공개발로 새단장,매일경제,2025.05.14,https://n.news.naver.com/article/009/0005492470
은평구,은평 응암동 재개발 확정…3000가구 대규모 주거단지 조성,디지털타임스,2025.04.24,https://n.news.naver.com/article/029/0002950337
은평구,GTX 후광 업고 … 은평 재개발 속도낸다,매일경제,2025.04.13,https://n.news.naver.com/article/009/0005475404
은평구,은평구 옛 국립보건원 부지 매각 불발…건설경기 위축에 알짜 땅도 외면,서울경제,2025.04.12,https://n.news.naver.com/article/011/0004473262
은평구,은평 ‘대조1구역’ 공사비 2566억원 증액 합의...1년만에 사업 정상화,매일경제,2025.04.01,https://n.news.naver.com/article/009/0005468535
은평구,"은평구 ""개별공시지가 열람 및 의견접수""",파이낸셜뉴스,2025.03.24,https://n.news.naver.com/article/014/0005325120
은평구,"서울시, 옛 국립보건원 부지 매각…""창조타운 조성""",한국경제TV,2025.02.20,https://n.news.naver.com/article/215/0001199192
은평구,"""은평광역자원순환센터 4월 시범가동…친환경시설 모범될 것""",서울경제,2025.02.20,https://n.news.naver.com/article/011/0004452950
은평구,은평병원에 음압병동 생긴다…내년 6월까지 리모델링,한국경제,2025.01.23,https://n.news.naver.com/article/015/0005085907
은평구,"은평 수색8구역, 재개발 아파트 621가구 공급…올 하반기 착공 목표",디지털타임스,2025.01.22,https://n.news.naver.com/article/029/0002931155
은평구,"은평구, 무주택 1인 가구 청년에 월세 20만원씩·1년 지원",머니투데이,2025.01.20,https://n.news.naver.com/article/008/0005143256
은평구,"""불광5구역, 교회제척... 최고 35층, 2451세대 구축""",파이낸셜뉴스,2024.12.19,https://n.news.naver.com/article/014/0005284674
은평구,응암3동 일대 재개발 연계 도시재생…3000가구 공급,아시아경제,2024.12.04,https://n.news.naver.com/article/277/0005510826
은평구,"고양에서 은평까지 20분 만에…대광위, 고양은평선 기본계획 승인",머니투데이,2024.12.03,https://n.news.naver.com/article/008/0005122432
은평구,은평 아파트가 6700억?… 실수로 차 한대 값 날려,조선비즈,2024.11.23,https://n.news.naver.com/article/366/0001034456
은평구,은평 옛 국립보건원 땅 서울시 '창조타운' 개발,매일경제,2024.11.21,https://n.news.naver.com/article/009/0005400729
은평구,수색역-DMC역 상부 '공공보행통로' 연결…주거복합시설도 도입,이데일리,2024.11.14,https://n.news.naver.com/article/018/0005885215
은평구,은평구 대조동에 모아주택 1363가구 짓는다…통합심의 통과,이데일리,2024.11.12,https://n.news.naver.com/article/018/0005883736
은평구,"은평구, 불광2동 주민센터에 실내파크골프 시설 설치",서울경제,2024.11.05,https://n.news.naver.com/article/011/0004411333
은평구,멈춰선 불광동 민간임대…임차인은 입주? 환불?,비즈워치,2024.10.18,https://n.news.naver.com/article/648/0000029848
종로구,옛 ‘서울극장’ 자리에 26층 업무시설 들어선다,조선비즈,2025.05.16,https://n.news.naver.com/article/366/0001077750
종로구,종로·광화문 도심 권역 사무실 거래량 34%↑,서울경제,2025.05.13,https://n.news.naver.com/article/011/0004484535
종로구,"[단독] 우리은행, `노른자` 종로구 지점도 공매 내놨다",디지털타임스,2025.05.08,https://n.news.naver.com/article/029/0002953268
종로구,"""도보 30분 내 여가·교육 가능""…평창 등서 '서울형 보행일상권' 첫발",한국경제,2025.04.22,https://n.news.naver.com/article/015/0005122330
종로구,"종로구, '강북횡단선 재추진 촉구' 주민 서명부 기재부에 전달",뉴스1,2025.04.17,https://n.news.naver.com/article/421/0008197901
종로구,50년 넘긴 서울 하수관로 30%…종로 가장 많아,아시아경제,2025.04.15,https://n.news.naver.com/article/277/0005578156
종로구,종로5가 일대 개발 탄력…상업지 용적률 600%→660%,서울경제,2025.04.10,https://n.news.naver.com/article/011/0004472436
종로구,"""갈수록 손실 눈덩이""…종로구 '급변경'에 표류하는 창신동 재개발",더팩트,2025.04.08,https://n.news.naver.com/article/629/0000380228
종로구,"서울시, 종로구 신영동 휴먼타운에 전국 최초로 비아파트 주택 공급한다",헤럴드경제,2025.04.04,https://n.news.naver.com/article/016/0002452496
종로구,종로구 도시계획정보 한자리에…'원클릭 도시정보 본다' 서비스,연합뉴스,2025.03.31,https://n.news.naver.com/article/001/0015300530
종로구,성균관대 연구·강의 공간 확충…최고 11층 혁신 건물 짓는다,뉴스1,2025.03.20,https://n.news.naver.com/article/421/0008140362
종로구,창신동 재개발 우왕좌왕 … 구청장 한마디에 또 스톱,매일경제,2025.02.20,https://n.news.naver.com/article/009/0005447192
종로구,“명동에 맞먹는 상권이 어쩌다”…종로 도심 상가 통째로 경매에,매일경제,2025.02.17,https://n.news.naver.com/article/009/0005445024
종로구,광화문·종로 공실 늘었다…기업도 버거운 서울살이,비즈워치,2025.02.01,https://n.news.naver.com/article/648/0000032928
종로구,"대한토지신탁, 종로구 숭인동 56일대 주택재개발정비사업 업무협약 체결… 동의서 징구 속도 붙는다",디지털타임스,2025.01.14,https://n.news.naver.com/article/029/0002929341
종로구,"광화문·시청 오피스, 강남의 2배 된다",문화일보,2025.01.14,https://n.news.naver.com/article/021/0002683829
종로구,"광화문역 인근 신문로2-12지구, 아파트·오피스텔 150가구 건립",아시아경제,2024.12.29,https://n.news.naver.com/article/277/0005524760
종로구,종로 옥인·신영동 등 전국 32곳에 '뉴빌리지' 지원,비즈워치,2024.12.23,https://n.news.naver.com/article/648/0000031806
종로구,종로·성북구 공공재개발 등 67곳 토지거래허가구역 재지정,머니투데이,2024.12.17,https://n.news.naver.com/article/008/0005129578
종로구,"신영동 214번지, 비아파트 최초 특별건축구역 지정…서울시 ‘휴먼타운2.0’ 속도",매일경제,2024.12.10,https://n.news.naver.com/article/009/0005411004
중구,명동 네이처리퍼블릭 22년째 땅값 1위…평당 6억 육박,서울경제,2025.04.30,https://n.news.naver.com/article/011/0004480136
중구,충무로 중대형 상가 5곳 중 1곳 넘게 '텅텅'…서울 공실률 1위,뉴스1,2025.04.29,https://n.news.naver.com/article/421/0008220074
중구,"광화문 일대, 옥외광고 규제 완화…관광명소 자리매김",이데일리,2025.04.24,https://n.news.naver.com/article/018/0005995776
중구,"세운지구 재개발 속도 낸다… 서울시, 정비계획 수립 착수",머니S,2025.03.10,https://n.news.naver.com/article/417/0001062759
중구,신당8구역 재개발·여의도 대교아파트 재건축 통합심의 통과,SBS Biz,2025.02.28,https://n.news.naver.com/article/374/0000427584
중구,"중구, '찾아가는 방역특공대' 운영",서울경제,2025.01.16,https://n.news.naver.com/article/011/0004440625
중구,"광화문·시청 오피스, 강남의 2배 된다",문화일보,2025.01.14,https://n.news.naver.com/article/021/0002683829
중구,"이도, 을지로에 강북 최대 오피스빌딩 짓는다",디지털타임스,2025.01.06,https://n.news.naver.com/article/029/0002927269
중구,"""서울역 맞은편에 복합업무공간 조성""",파이낸셜뉴스,2024.12.19,https://n.news.naver.com/article/014/0005284697
중구,"""남대문 시장에 녹지공간을"" 소형주택-관광숙박시설 들어선다",파이낸셜뉴스,2024.12.19,https://n.news.naver.com/article/014/0005284688
중구,약수역·상봉터미널 등 서울권 3곳 도심복합사업 복합지구 지정,데일리안,2024.12.18,https://n.news.naver.com/article/119/0002905462
중구,명동 네이처리퍼블릭 땅값 평당 6억… 롤스로이스 한대 값,디지털타임스,2024.12.18,https://n.news.naver.com/article/029/0002923815
중구,'내 편 중구' 한국 공공브랜드 시민참여 부문 대상,서울경제,2024.12.02,https://n.news.naver.com/article/011/0004421868
중구,회현동·이태원로 일대 높이규제 완화·반영된다,머니투데이,2024.11.28,https://n.news.naver.com/article/008/0005120426
중구,"1㎡당 1031만원… 명동, 세계 9번째 임대료 비싸",동아일보,2024.11.22,https://n.news.naver.com/article/020/0003599727
중구,"서울 중구, 대형마트 의무휴업 평일 변경…서초·동대문 이어 세 번째",서울경제,2024.11.15,https://n.news.naver.com/article/011/0004415473
중구,"중구, 생물테러 발생 대비 모의훈련 실시",서울경제,2024.11.12,https://n.news.naver.com/article/011/0004414109
중구,"서울 중구, 장충동 건축물 최고 50m 허용…개발 숨통 틔운다",뉴시스,2024.11.07,https://n.news.naver.com/article/003/0012891098
중구,을지로 '유안타증권빌딩' 재건축...CJ대한통운 공사 수주,파이낸셜뉴스,2024.10.30,https://n.news.naver.com/article/014/0005260787
중구,"중구, 주한영국 대사에 명예구민증 수여",서울경제,2024.10.29,https://n.news.naver.com/article/011/0004408254
중랑구,중랑 묵동지구중심 지구단위계획 재정비…대규모 복합개발 시동[집슐랭],서울경제,2025.05.01,https://n.news.naver.com/article/011/0004480702
중랑구,상봉13구역 정비구역 지정…최고 37층·1249가구 대단지 탈바꿈,이데일리,2025.03.28,https://n.news.naver.com/article/018/0005973021
중랑구,"중랑구, 망우1구역 공공재건축 정비계획변경안 고시",이데일리,2025.03.21,https://n.news.naver.com/article/018/0005967644
중랑구,"중랑구 옛 상봉터미널, 현대적 복합단지로 탈바꿈",머니투데이,2025.03.13,https://n.news.naver.com/article/008/0005165084
중랑구,가양·등촌·신내 '재건축 밑그림' 그린다,매일경제,2025.02.23,https://n.news.naver.com/article/009/0005448310
중랑구,중랑구 면목본·강동구 성내·성북구 정릉·광진구 화양동 모아타운 통과…1919가구 공급,매일경제,2025.01.24,https://n.news.naver.com/article/009/0005434497
중랑구,"중랑구, 부설주차장 85면 추가 확보",서울경제,2025.01.09,https://n.news.naver.com/article/011/0004437729
중랑구,"강북 유일 코스트코, 가장 큰 다이소 있는 상봉동…살기 어떨까? [헬로홈즈]",서울경제,2025.01.06,https://n.news.naver.com/article/011/0004436136
중랑구,중랑천 인근 면목동에 35층 아파트로 재개발,조선비즈,2024.12.30,https://n.news.naver.com/article/366/0001043673
중랑구,서대문·중랑·양천에 모아타운으로 3447가구 공급,매일경제,2024.12.20,https://n.news.naver.com/article/009/0005416978
중랑구,약수역·상봉터미널 등 서울권 3곳 도심복합사업 복합지구 지정,데일리안,2024.12.18,https://n.news.naver.com/article/119/0002905462
중랑구,"중랑구 면목동 재개발지 인근 등 4곳, 신통기획 후보 선정",파이낸셜뉴스,2024.12.15,https://n.news.naver.com/article/014/0005282484
중랑구,먹골역 인근 역세권 '특별계획가능구역' 용적률 대폭완화,이데일리,2024.12.12,https://n.news.naver.com/article/018/0005904474
중랑구,"중랑캠핑숲 근처 망우동, 최고25층 581가구로 공공 재건축",매일경제,2024.11.27,https://n.news.naver.com/article/009/0005403568
중랑구,"""중랑구 면목역 일대 모아타운으로 재탄생한다""",파이낸셜뉴스,2024.11.22,https://n.news.naver.com/article/014/0005271739
중랑구,서울시 ‘중화3구역’ 에 정비 코디네이터 파견,헤럴드경제,2024.11.20,https://n.news.naver.com/article/016/0002390746
중랑구,"서울시, 상봉역 인근에 장기전세주택 223가구 공급한다",한국경제,2024.11.20,https://n.news.naver.com/article/015/0005059352
중랑구,동대문·중랑구 공공재개발…프리미엄 대단지 들어선다,한국경제,2024.11.17,https://n.news.naver.com/article/015/0005058120
중랑구,"중랑구, 지역 곳곳에서 상권 활성화 축제 열려",서울경제,2024.11.05,https://n.news.naver.com/article/011/0004411399
중랑구,"HS화성, 서울 ‘면목역 2-5구역’ 가로주택정비 수주",조선비즈,2024.11.04,https://n.news.naver.com/article/366/0001029437
